codigo_estacao,municipio,uf
471000,ATALAIA DO NORTE,AM
572000,ATALAIA DO NORTE,AM
470001,BENJAMIN CONSTANT,AM
470002,ATALAIA DO NORTE,AM
470005,ATALAIA DO NORTE,AM
470009,ATALAIA DO NORTE,AM
469000,TABATINGA,AM
469001,TABATINGA,AM
770000,ENVIRA,AM
770001,EIRUNEPÉ,AM
771000,IPIXUNA,AM
772002,IPIXUNA,AM
670000,EIRUNEPÉ,AM
567002,CARAUARI,AM
568001,JUTAÍ,AM
569001,JUTAÍ,AM
668000,CARAUARI,AM
669000,EIRUNEPÉ,AM
669001,EIRUNEPÉ,AM
468003,JUTAÍ,AM
468004,JUTAÍ,AM
567001,CARAUARI,AM
466001,CARAUARI,AM
466002,CARAUARI,AM
467002,JUTAÍ,AM
366000,JURUÁ,AM
366001,JURUÁ,AM
367001,JUTAÍ,AM
465000,TEFÉ,AM
465001,TEFÉ,AM
363000,COARI,AM
364000,TEFÉ,AM
364001,TEFÉ,AM
364002,ALVARÃES,AM
364004,TEFÉ,AM
266004,JUTAÍ,AM
266005,FONTE BOA,AM
267001,FONTE BOA,AM
169000,JAPURÁ,AM
169002,JAPURÁ,AM
265000,MARAÃ,AM
266000,FONTE BOA,AM
165000,MARAÃ,AM
166000,JAPURÁ,AM
167001,JAPURÁ,AM
8062000,BARCELOS,AM
360006,IRANDUBA,AM
361001,CODAJÁS,AM
360000,MANAUS,AM
360001,MANACAPURU,AM
360005,MANAUS,AM
261000,NOVO AIRÃO,AM
261001,CAAPIRANGA,AM
359000,MANAUS,AM
359003,MANAUS,AM
359005,MANAUS,AM
260003,MANAUS,AM
260006,NOVO AIRÃO,AM
260008,IRANDUBA,AM
260009,MANAUS,AM
260000,MANAUS,AM
260001,MANAUS,AM
260002,MANAUS,AM
161004,NOVO AIRÃO,AM
162000,BARCELOS,AM
162002,BARCELOS,AM
162003,BARCELOS,AM
67000,SÃO GABRIEL DA CACHOEIRA,AM
67002,SÃO GABRIEL DA CACHOEIRA,AM
161002,BARCELOS,AM
65001,SANTA IZABEL DO RIO NEGRO,AM
65002,SANTA IZABEL DO RIO NEGRO,AM
66000,SÃO GABRIEL DA CACHOEIRA,AM
66002,SÃO GABRIEL DA CACHOEIRA,AM
62002,BARCELOS,AM
63000,BARCELOS,AM
62000,BARCELOS,AM
8169000,SÃO GABRIEL DA CACHOEIRA,AM
8169011,SÃO GABRIEL DA CACHOEIRA,AM
8069005,SÃO GABRIEL DA CACHOEIRA,AM
8166000,SÃO GABRIEL DA CACHOEIRA,AM
8167000,SÃO GABRIEL DA CACHOEIRA,AM
8168000,SÃO GABRIEL DA CACHOEIRA,AM
8069000,SÃO GABRIEL DA CACHOEIRA,AM
8069003,SÃO GABRIEL DA CACHOEIRA,AM
8069004,SÃO GABRIEL DA CACHOEIRA,AM
8066001,SÃO GABRIEL DA CACHOEIRA,AM
8066002,SÃO GABRIEL DA CACHOEIRA,AM
8067001,SÃO GABRIEL DA CACHOEIRA,AM
8067002,SÃO GABRIEL DA CACHOEIRA,AM
8067003,SÃO GABRIEL DA CACHOEIRA,AM
8068000,SÃO GABRIEL DA CACHOEIRA,AM
458001,BORBA,AM
358002,ITACOATIARA,AM
358003,NOVA OLINDA DO NORTE,AM
357001,MAUÉS,AM
357003,MAUÉS,AM
357004,MAUÉS,AM
358000,ITACOATIARA,AM
258001,URUCARÁ,AM
259000,PRESIDENTE FIGUEIREDO,AM
259005,RIO PRETO DA EVA,AM
260007,PRESIDENTE FIGUEIREDO,AM
256002,NHAMUNDÁ,AM
257000,URUCARÁ,AM
257001,BARREIRINHA,AM
257002,BOA VISTA DO RAMOS,AM
257003,PARINTINS,AM
159006,PRESIDENTE FIGUEIREDO,AM
159007,PRESIDENTE FIGUEIREDO,AM
160000,PRESIDENTE FIGUEIREDO,AM
160001,PRESIDENTE FIGUEIREDO,AM
256000,PARINTINS,AM
158003,URUCARÁ,AM
159000,PRESIDENTE FIGUEIREDO,AM
159001,PRESIDENTE FIGUEIREDO,AM
59002,PRESIDENTE FIGUEIREDO,AM
59003,PRESIDENTE FIGUEIREDO,AM
157001,NHAMUNDÁ,AM
59001,PRESIDENTE FIGUEIREDO,AM
368001,SÃO PAULO DE OLIVENÇA,AM
369000,SÃO PAULO DE OLIVENÇA,AM
268000,SANTO ANTÔNIO DO IÇÁ,AM
269001,SANTO ANTÔNIO DO IÇÁ,AM
367000,SANTO ANTÔNIO DO IÇÁ,AM
765000,LÁBREA,AM
765001,LÁBREA,AM
765002,LÁBREA,AM
766001,PAUINI,AM
764001,LÁBREA,AM
764003,LÁBREA,AM
563002,TAPAUÁ,AM
564001,TAPAUÁ,AM
564002,TAPAUÁ,AM
664000,TAPAUÁ,AM
664001,CANUTAMA,AM
463003,COARI,AM
563000,TEFÉ,AM
462001,BERURI,AM
462002,TAPAUÁ,AM
463001,COARI,AM
361000,MANACAPURU,AM
362001,CODAJÁS,AM
362002,CODAJÁS,AM
363002,CODAJÁS,AM
967001,BOCA DO ACRE,AM
967004,LÁBREA,AM
968001,BOCA DO ACRE,AM
867001,BOCA DO ACRE,AM
867002,BOCA DO ACRE,AM
767002,PAUINI,AM
861002,MANICORÉ,AM
763001,HUMAITÁ,AM
763002,HUMAITÁ,AM
761003,MANICORÉ,AM
762002,HUMAITÁ,AM
762003,HUMAITÁ,AM
760001,APUÍ,AM
760003,APUÍ,AM
661001,MANICORÉ,AM
662001,HUMAITÁ,AM
759000,NOVO ARIPUANÃ,AM
561000,MANICORÉ,AM
561001,MANICORÉ,AM
658000,APUÍ,AM
660000,NOVO ARIPUANÃ,AM
560001,NOVO ARIPUANÃ,AM
560002,NOVO ARIPUANÃ,AM
459000,BORBA,AM
459001,NOVA OLINDA DO NORTE,AM
460001,BORBA,AM
460002,BORBA,AM
863011,PORTO VELHO,AM
259004,RIO PRETO DA EVA,AM
359001,NOVA OLINDA DO NORTE,AM
359004,AUTAZES,AM
359008,MANAUS,AM
758000,BORBA,AM
8351006,OIAPOQUE,AP
8251003,CALÇOENE,AP
8251004,OIAPOQUE,AP
8351002,OIAPOQUE,AP
8250002,CALÇOENE,AP
8250003,AMAPÁ,AP
8251001,CALÇOENE,AP
8150000,TARTARUGALZINHO,AP
8150001,TARTARUGALZINHO,AP
8151000,TARTARUGALZINHO,AP
8250000,AMAPÁ,AP
8051024,FERREIRA GOMES,AP
8051025,PORTO GRANDE,AP
8052000,SERRA DO NAVIO,AP
8051018,FERREIRA GOMES,AP
8051019,PORTO GRANDE,AP
8051020,PORTO GRANDE,AP
8051021,PORTO GRANDE,AP
8051022,PORTO GRANDE,AP
8051012,PORTO GRANDE,AP
8051003,MACAPÁ,AP
8051004,MACAPÁ,AP
8050001,MACAPÁ,AP
8051002,MACAPÁ,AP
8051010,MACAPÁ,AP
52007,LARANJAL DO JARÍ,AP
52008,LARANJAL DO JARÍ,AP
52009,LARANJAL DO JARÍ,AP
8050000,MACAPÁ,AP
52003,MAZAGÃO,AP
52004,LARANJAL DO JARÍ,AP
52005,LARANJAL DO JARÍ,AP
52006,LARANJAL DO JARÍ,AP
51000,MACAPÁ,AP
51001,MACAPÁ,AP
51002,MAZAGÃO,AP
51004,MAZAGÃO,AP
771001,TARAUACÁ,AC
772000,CRUZEIRO DO SUL,AC
772003,TARAUACÁ,AC
772004,CRUZEIRO DO SUL,AC
971003,JORDÃO,AC
972000,MARECHAL THAUMATURGO,AC
872000,MARECHAL THAUMATURGO,AC
872001,PORTO WALTER,AC
870001,TARAUACÁ,AC
870002,FEIJÓ,AC
870003,FEIJÓ,AC
773000,CRUZEIRO DO SUL,AC
773002,CRUZEIRO DO SUL,AC
870000,TARAUACÁ,AC
869000,MANOEL URBANO,AC
967000,RIO BRANCO,AC
1168001,BRASILÉIA,AC
1069000,ASSIS BRASIL,AC
1068000,XAPURI,AC
968005,SENA MADUREIRA,AC
969001,SENA MADUREIRA,AC
968003,SENA MADUREIRA,AC
968004,BUJARI,AC
967002,RIO BRANCO,AC
967005,SENADOR GUIOMARD,AC
967006,RIO BRANCO,AC
967007,RIO BRANCO,AC
967008,RIO BRANCO,AC
1067002,PLÁCIDO DE CASTRO,AC
1067003,CAPIXABA,AC
144001,BACURI,MA
144002,CURURUPU,MA
447002,IMPERATRIZ,MA
447004,AÇAILÂNDIA,MA
245010,PINHEIRO,MA
245011,SANTA HELENA,MA
245013,SANTA FILOMENA DO MARANHÃO,MA
245014,TURILÂNDIA,MA
246003,CENTRO DO GUILHERME,MA
245007,TURIAÇU,MA
245008,VIANA,MA
245009,PINHEIRO,MA
244020,MIRINZAL,MA
244022,PALMEIRÂNDIA,MA
245001,MONÇÃO,MA
245003,CÂNDIDO MENDES,MA
146014,BOA VISTA DO GURUPI,MA
244011,GUIMARÃES,MA
145004,TURIAÇU,MA
145006,CÂNDIDO MENDES,MA
145007,APICUM-AÇU,MA
145008,BACURI,MA
241005,ARAIOSES,MA
342009,SANTA QUITÉRIA DO MARANHÃO,MA
342014,BREJO,MA
342015,BURITI,MA
342016,MAGALHÃES DE ALMEIDA,MA
945019,ALTO PARNAÍBA,MA
946005,ALTO PARNAÍBA,MA
846005,TASSO FRAGOSO,MA
945010,ALTO PARNAÍBA,MA
945011,ALTO PARNAÍBA,MA
845004,TASSO FRAGOSO,MA
845005,ALTO PARNAÍBA,MA
746011,BALSAS,MA
746012,BALSAS,MA
845003,TASSO FRAGOSO,MA
746005,BALSAS,MA
746006,BALSAS,MA
746007,BALSAS,MA
746008,RIACHÃO,MA
746009,BALSAS,MA
745004,SAMBAÍBA,MA
745005,SÃO RAIMUNDO DAS MANGABEIRAS,MA
745007,SAMBAÍBA,MA
744012,BENEDITO LEITE,MA
744014,BENEDITO LEITE,MA
744015,SÃO FÉLIX DE BALSAS,MA
744019,SÃO FÉLIX DE BALSAS,MA
646007,FORTALEZA DOS NOGUEIRAS,MA
744000,SÃO FÉLIX DE BALSAS,MA
543014,PARNARAMA,MA
643011,BARÃO DE GRAJAÚ,MA
643013,BARÃO DE GRAJAÚ,MA
542026,TIMON,MA
543013,MATÕES,MA
443019,COELHO NETO,MA
342017,SANTA QUITÉRIA DO MARANHÃO,MA
342018,SÃO BERNARDO,MA
442013,DUQUE BACELAR,MA
442022,DUQUE BACELAR,MA
443018,COELHO NETO,MA
547000,IMPERATRIZ,MA
547009,IMPERATRIZ,MA
547010,IMPERATRIZ,MA
547011,IMPERATRIZ,MA
747003,CAROLINA,MA
747011,CAROLINA,MA
647008,LAJEADO NOVO,MA
647009,ESTREITO,MA
747000,CAROLINA,MA
747002,CAROLINA,MA
547012,IMPERATRIZ,MA
547013,IMPERATRIZ,MA
647005,CAROLINA,MA
242002,TUTÓIA,MA
242003,BARREIRINHAS,MA
646006,GRAJAU,MA
645002,FERNANDO FALCÃO,MA
645003,LORETO,MA
645004,GRAJAU,MA
646005,FORTALEZA DOS NOGUEIRAS,MA
644019,BOM JESUS DAS SELVAS,MA
644020,COLINAS,MA
644021,MIRADOR,MA
644012,MIRADOR,MA
644015,MIRADOR,MA
644017,COLINAS,MA
644018,FERNANDO FALCÃO,MA
644003,COLINAS,MA
644007,MIRADOR,MA
546010,GRAJAU,MA
547005,BURITIRANA,MA
643012,PASSAGEM FRANCA,MA
546006,GRAJAU,MA
546007,SÍTIO NOVO,MA
546009,GRAJAU,MA
545011,BARRA DO CORDA,MA
545012,BARRA DO CORDA,MA
545003,BARRA DO CORDA,MA
544009,GRAÇA ARANHA,MA
544011,FORTUNA,MA
544012,JATOBÁ,MA
544013,PRESIDENTE DUTRA,MA
544014,SANTA FILOMENA DO MARANHÃO,MA
544006,BARRA DO CORDA,MA
543011,LAGOA DO MATO,MA
543012,GOVERNADOR EUGENIO BARROS,MA
543002,MATÕES,MA
543004,BURITI BRAVO,MA
446004,BURITICUPU,MA
445013,LAGO DO JUNCO,MA
445014,SATUBINHA,MA
446000,BOM JESUS DAS SELVAS,MA
446001,BOM JESUS DAS SELVAS,MA
446002,AÇAILÂNDIA,MA
446003,ARAME,MA
445007,LAGO DA PEDRA,MA
445008,ARAME,MA
445009,LAGO DA PEDRA,MA
445010,VITORINO FREIRE,MA
445012,LAGO DA PEDRA,MA
445001,SANTA LUZIA,MA
444026,SÃO LUÍS GONZAGA DO MARANHÃO,MA
444027,SÃO MATEUS DO MARANHÃO,MA
444028,TRIZIDELA DO VALE,MA
444020,ESPERANTINÓPOLIS,MA
444021,LAGO VERDE,MA
444022,LAGO DOS RODRIGUES,MA
444023,PEDREIRAS,MA
444024,PERITORÓ,MA
444025,POÇÃO DE PEDRAS,MA
444014,BACABAL,MA
444016,ALTO ALEGRE DO MARANHÃO,MA
444017,BACABAL,MA
444018,BACABAL,MA
444019,COROATA,MA
444008,BARRA DO CORDA,MA
444012,BACABAL,MA
444013,PERITORÓ,MA
444001,COROATA,MA
444005,PEDREIRAS,MA
443014,CAXIAS,MA
443015,CAXIAS,MA
443016,CODÓ,MA
443017,CODÓ,MA
443020,TIMBIRAS,MA
443021,CODÓ,MA
443007,CODÓ,MA
443011,CODÓ,MA
443012,ALDEIAS ALTAS,MA
443013,CAXIAS,MA
443001,CAXIAS,MA
443006,CODÓ,MA
345024,TUFILÂNDIA,MA
345025,VIANA,MA
346002,BOM JARDIM,MA
345018,IGARAPÉ DO MEIO,MA
345019,MONÇÃO,MA
345020,PENALVA,MA
345021,PERITORÓ,MA
345022,PIO XII,MA
345023,SANTA LUZIA,MA
345012,CAJARI,MA
345013,GOVERNADOR NEWTON BELLO,MA
345014,ALTO ALEGRE DO PINDARÉ,MA
345015,ALTO ALEGRE DO PINDARÉ,MA
345016,BELA VISTA DO MARANHÃO,MA
345017,CAJARI,MA
345006,PINDARÉ-MIRIM,MA
345011,MONÇÃO,MA
345000,BELA VISTA DO MARANHÃO,MA
344018,MATÕES DO NORTE,MA
344019,MIRANDA DO NORTE,MA
344020,OLINDA NOVA DO MARANHÃO,MA
344021,PIRAPEMAS,MA
344022,PRESIDENTE VARGAS,MA
344023,VITÓRIA DO MEARIM,MA
344012,MIRANDA DO NORTE,MA
344013,CONCEIÇÃO DO LAGO-AÇU,MA
344014,ARARI,MA
344015,CANTANHEDE,MA
344016,CONCEIÇÃO DO LAGO-AÇU,MA
344017,ITAPECURU MIRIM,MA
344007,PIRAPEMAS,MA
344008,PIRAPEMAS,MA
344010,PRESIDENTE JUSCELINO,MA
344011,SÃO MATEUS DO MARANHÃO,MA
344004,CANTANHEDE,MA
343012,SÃO BENEDITO DO RIO PRETO,MA
343013,CHAPADINHA,MA
343014,NINA RODRIGUES,MA
343015,VARGEM GRANDE,MA
343008,CHAPADINHA,MA
343009,MATA ROMA,MA
343010,CHAPADINHA,MA
343011,URBANO SANTOS,MA
343001,VARGEM GRANDE,MA
343003,NINA RODRIGUES,MA
343004,VARGEM GRANDE,MA
244030,SÃO LUÍS,MA
244031,SÃO LUÍS,MA
244032,SÃO LUÍS,MA
244033,SÃO LUÍS,MA
244034,PAÇO DO LUMIAR,MA
244024,ROSÁRIO,MA
244025,SÃO LUÍS,MA
244026,SÃO LUÍS,MA
244027,SÃO LUÍS,MA
244028,SÃO LUÍS,MA
244029,SÃO LUÍS,MA
244012,SÃO BENTO,MA
244018,ALCANTARA,MA
244019,ICATU,MA
244021,PAÇO DO LUMIAR,MA
244023,RAPOSA,MA
244006,SÃO LUÍS,MA
244009,SÃO LUÍS,MA
1742026,ARICANDUVA,MA
1154005,MARCELÂNDIA,MT
1154006,SANTA CARMEM,MT
1154007,CLAÚDIA,MT
1154001,SANTA CARMEM,MT
1154002,UNIÃO DO SUL,MT
1154004,CLAÚDIA,MT
1052000,SÃO JOSÉ DO XINGU,MT
1052001,PORTO ALEGRE DO NORTE,MT
1053001,MARCELÂNDIA,MT
1152000,SÃO FÉLIX DO ARAGUAIA,MT
1453003,PARANATINGA,MT
1453005,CAMPINÁPOLIS,MT
1453006,PRIMAVERA DO LESTE,MT
1453007,PARANATINGA,MT
1453008,PARANATINGA,MT
1354001,PARANATINGA,MT
1354002,PARANATINGA,MT
1354003,NOVA UBIRATÃ,MT
1354004,NOVA UBIRATÃ,MT
1452004,ÁGUA BOA,MT
1453000,PARANATINGA,MT
1352004,CANARANA,MT
1353001,CAMPINÁPOLIS,MT
1353002,CANARANA,MT
1353003,CAMPINÁPOLIS,MT
1354000,PARANATINGA,MT
1254006,NOVA UBIRATÃ,MT
1255002,FELIZ NATAL,MT
1352000,ÁGUA BOA,MT
1352001,CANARANA,MT
1352002,CANARANA,MT
1352003,CANARANA,MT
1254001,VERA,MT
1254003,PARANATINGA,MT
1254005,FELIZ NATAL,MT
1251000,BOM JESUS DO ARAGUAIA,MT
1251001,RIBEIRÃO CASCALHEIRA,MT
1252000,QUERÊNCIA,MT
18425200,SANTA CARMEM,MT
1652006,PARANATINGA,MT
1652007,RIBEIRÃOZINHO,MT
1653000,TESOURO,MT
1653002,GUIRATINGA,MT
1652001,PONTE BRANCA,MT
1652002,TORIXORÉU,MT
1652004,RIBEIRÃOZINHO,MT
1652005,BARRA DO GARÇAS,MT
1552001,GENERAL CARNEIRO,MT
1552006,BARRA DO GARÇAS,MT
1552008,BARRA DO GARÇAS,MT
1552010,BARRA DO GARÇAS,MT
1753005,ALTO ARAGUAIA,MT
1753006,ALTO ARAGUAIA,MT
1753007,ALTO ARAGUAIA,MT
1853000,ALTO TAQUARI,MT
1653004,ALTO GARÇAS,MT
1653005,ARAGUAINHA,MT
1753000,ALTO ARAGUAIA,MT
1456011,NOVA MUTUM,MT
1456019,DIAMANTINO,MT
1457003,DIAMANTINO,MT
1458002,TANGARÁ DA SERRA,MT
1058002,COTRIGUAÇU,MT
1058003,JURUENA,MT
1058004,CASTANHEIRA,MT
1058006,JUARA,MT
1454004,PARANATINGA,MT
1455009,NOBRES,MT
1057001,NOVA MONTE VERDE,MT
1057002,JUARA,MT
1057003,JUARA,MT
1057004,JUARA,MT
1056001,ALTA FLORESTA,MT
1056002,NOVA MONTE VERDE,MT
1056003,TABAPORÃ,MT
1056004,JUARA,MT
1056005,JUARA,MT
1056006,ALTA FLORESTA,MT
1055002,COLÍDER,MT
1055004,TERRA NOVA DO NORTE,MT
1055005,COLÍDER,MT
1055006,NOVA CANAÃ DO NORTE,MT
1054000,MARCELÂNDIA,MT
1054001,GUARANTÃ DO NORTE,MT
1054002,MATUPA,MT
1054003,PEIXOTO DE AZEVEDO,MT
1055000,PEIXOTO DE AZEVEDO,MT
1055001,CARLINDA,MT
957002,NOVA MONTE VERDE,MT
957003,APIACÁS,MT
958004,COTRIGUAÇU,MT
956006,PARANAITA,MT
956007,PARANAITA,MT
956008,ALTA FLORESTA,MT
957001,APIACÁS,MT
955000,GUARANTÃ DO NORTE,MT
955001,CARLINDA,MT
956000,ALTA FLORESTA,MT
956001,ALTA FLORESTA,MT
956002,PARANAITA,MT
956003,ALTA FLORESTA,MT
954001,GUARANTÃ DO NORTE,MT
954002,GUARANTÃ DO NORTE,MT
954004,GUARANTÃ DO NORTE,MT
954005,GUARANTÃ DO NORTE,MT
954006,GUARANTÃ DO NORTE,MT
954008,GUARANTÃ DO NORTE,MT
1359019,CAMPOS DE JÚLIO,MT
1359020,CAMPOS DE JÚLIO,MT
1359022,CAMPOS DE JÚLIO,MT
1454000,PARANATINGA,MT
857001,APIACÁS,MT
1359010,CAMPOS DE JÚLIO,MT
1359011,CAMPOS DE JÚLIO,MT
1359012,SAPEZAL,MT
1359016,CAMPOS DE JÚLIO,MT
1359017,CAMPOS DE JÚLIO,MT
1359018,CAMPOS DE JÚLIO,MT
1359004,CAMPOS DE JÚLIO,MT
1359005,SAPEZAL,MT
1359006,CAMPOS DE JÚLIO,MT
1359007,CAMPOS DE JÚLIO,MT
1359009,CAMPOS DE JÚLIO,MT
1358017,BRASNORTE,MT
1358018,SAPEZAL,MT
1358019,SAPEZAL,MT
1359000,COMODORO,MT
1359001,COMODORO,MT
1359002,SAPEZAL,MT
1358012,BRASNORTE,MT
1358013,BRASNORTE,MT
1358014,SAPEZAL,MT
1358015,SAPEZAL,MT
1358016,SAPEZAL,MT
1358005,SAPEZAL,MT
1358006,SAPEZAL,MT
1358007,CAMPO NOVO DO PARECIS,MT
1358008,SAPEZAL,MT
1358009,SAPEZAL,MT
1358010,CAMPOS DE JÚLIO,MT
1357014,CAMPO NOVO DO PARECIS,MT
1358001,CAMPO NOVO DO PARECIS,MT
1358002,SAPEZAL,MT
1357008,CAMPO NOVO DO PARECIS,MT
1357009,CAMPO NOVO DO PARECIS,MT
1357010,NOVA MARINGÁ,MT
1357011,DIAMANTINO,MT
1357004,CAMPO NOVO DO PARECIS,MT
1357005,CAMPO NOVO DO PARECIS,MT
1357007,CAMPO NOVO DO PARECIS,MT
1356012,DIAMANTINO,MT
1356013,DIAMANTINO,MT
1356014,DIAMANTINO,MT
1356015,SÃO JOSÉ DO RIO CLARO,MT
1357000,NOVA MARINGÁ,MT
1357001,CAMPO NOVO DO PARECIS,MT
1356006,NOVA MUTUM,MT
1356007,SÃO JOSÉ DO RIO CLARO,MT
1356008,SÃO JOSÉ DO RIO CLARO,MT
1356009,NOVA MUTUM,MT
1356010,NOVA MUTUM,MT
1356011,DIAMANTINO,MT
1356002,NOVA MUTUM,MT
1356003,SÃO JOSÉ DO RIO CLARO,MT
1356004,SÃO JOSÉ DO RIO CLARO,MT
1356005,LUCAS DO RIO VERDE,MT
1355002,NOVA MUTUM,MT
1355003,LUCAS DO RIO VERDE,MT
1355005,SINOP,MT
1258005,BRASNORTE,MT
1355001,SORRISO,MT
1257003,BRASNORTE,MT
1257004,BRASNORTE,MT
1258001,BRASNORTE,MT
1258002,BRASNORTE,MT
1258003,CAMPOS DE JÚLIO,MT
1258004,CAMPOS DE JÚLIO,MT
1256003,LUCAS DO RIO VERDE,MT
1256004,SORRISO,MT
1256005,LUCAS DO RIO VERDE,MT
1257000,BRASNORTE,MT
1257001,BRASNORTE,MT
1257002,BRASNORTE,MT
1255006,SINOP,MT
1255007,SINOP,MT
1256001,DIAMANTINO,MT
1256002,LUCAS DO RIO VERDE,MT
1158004,CASTANHEIRA,MT
1158005,JUÍNA,MT
1255000,VERA,MT
1255001,SORRISO,MT
1255003,SORRISO,MT
1255004,SORRISO,MT
1157001,JUARA,MT
1157002,PORTO DOS GAÚCHOS,MT
1157003,PORTO DOS GAÚCHOS,MT
1158001,JUÍNA,MT
1158002,JUÍNA,MT
1158003,BRASNORTE,MT
1155005,ITAUBA,MT
1156000,TABAPORÃ,MT
1156001,PORTO DOS GAÚCHOS,MT
1156002,TABAPORÃ,MT
1156003,PORTO DOS GAÚCHOS,MT
1157000,PORTO DOS GAÚCHOS,MT
9570001,APIACÁS,MT
1155000,SINOP,MT
1155002,SINOP,MT
1155003,SINOP,MT
1155004,SINOP,MT
8570000,APIACÁS,MT
9540000,NOVO MUNDO,MT
9540001,GUARANTÃ DO NORTE,MT
9570000,APIACÁS,MT
17091450,SAPEZAL,MT
17277000,SORRISO,MT
17271000,SORRISO,MT
17099500,SÃO JOSÉ DO RIO CLARO,MT
17099000,NOVA MUTUM,MT
17093010,JUÍNA,MT
1159001,JUÍNA,MT
1159002,JUÍNA,MT
1159003,JUÍNA,MT
1160005,COMODORO,MT
1359008,COMODORO,MT
1359013,COMODORO,MT
1359014,COMODORO,MT
1359015,COMODORO,MT
1359021,COMODORO,MT
1360003,COMODORO,MT
1360005,COMODORO,MT
958002,COTRIGUAÇU,MT
1058005,ARIPUANÃ,MT
1059000,ARIPUANÃ,MT
1059001,ARIPUANÃ,MT
1059002,ARIPUANÃ,MT
1059004,ARIPUANÃ,MT
1059006,ARIPUANÃ,MT
1060001,ARIPUANÃ,MT
1061002,RONDOLÂNDIA,MT
1459000,VILA BELA DA SANTÍSSIMA TRINDADE,MT
1459003,NOVA LACERDA,MT
1459004,NOVA LACERDA,MT
1459005,NOVA LACERDA,MT
1558007,JAURU,MT
1558012,PONTES E LACERDA,MT
1559000,PONTES E LACERDA,MT
1559006,VILA BELA DA SANTÍSSIMA TRINDADE,MT
1559008,PONTES E LACERDA,MT
1559009,PONTES E LACERDA,MT
1559010,PONTES E LACERDA,MT
1559011,VALE DE SÃO DOMINGOS,MT
1559012,VILA BELA DA SANTÍSSIMA TRINDADE,MT
1560000,VILA BELA DA SANTÍSSIMA TRINDADE,MT
66449000,RONDONÓPOLIS,MT
66259650,CUIABÁ,MT
66056000,LAMBARI D'OESTE,MT
66064000,CÁCERES,MT
1654016,JUSCIMEIRA,MT
1654017,JUSCIMEIRA,MT
1654018,POXORÉO,MT
1655000,BARÃO DE MELGAÇO,MT
1655001,SANTO ANTÔNIO DO LEVERGER,MT
1655002,BARÃO DE MELGAÇO,MT
1655004,BARÃO DE MELGAÇO,MT
1655005,SANTO ANTÔNIO DO LEVERGER,MT
1655006,BARÃO DE MELGAÇO,MT
1655007,JUSCIMEIRA,MT
1655008,SANTO ANTÔNIO DO LEVERGER,MT
1655009,JUSCIMEIRA,MT
1655010,JUSCIMEIRA,MT
1655011,JUSCIMEIRA,MT
1655012,SANTO ANTÔNIO DO LEVERGER,MT
1655013,JUSCIMEIRA,MT
1655014,SANTO ANTÔNIO DO LEVERGER,MT
1656001,POCONÉ,MT
1656002,POCONÉ,MT
1656003,BARÃO DE MELGAÇO,MT
1656004,POCONÉ,MT
1656005,POCONÉ,MT
1656006,POCONÉ,MT
1657000,CÁCERES,MT
1657002,CÁCERES,MT
1657003,CÁCERES,MT
1657004,CÁCERES,MT
1657007,CÁCERES,MT
1658000,CÁCERES,MT
1659001,VILA BELA DA SANTÍSSIMA TRINDADE,MT
1753008,ALTO TAQUARI,MT
1754000,ITIQUIRA,MT
1754009,ITIQUIRA,MT
1754015,ITIQUIRA,MT
1754016,ITIQUIRA,MT
1754017,ITIQUIRA,MT
1754018,ITIQUIRA,MT
1754019,ITIQUIRA,MT
1754020,ITIQUIRA,MT
1755000,ITIQUIRA,MT
1755003,BARÃO DE MELGAÇO,MT
1756000,BARÃO DE MELGAÇO,MT
1756001,BARÃO DE MELGAÇO,MT
1757001,POCONÉ,MT
1454002,NOVA BRASILÂNDIA,MT
1455004,CHAPADA DOS GUIMARÃES,MT
1455008,ROSÁRIO OESTE,MT
1455010,NOVA BRASILÂNDIA,MT
1455013,CHAPADA DOS GUIMARÃES,MT
1455015,NOVA BRASILÂNDIA,MT
1455016,NOBRES,MT
1456001,ARENÁPOLIS,MT
1456003,NORTELÂNDIA,MT
1456004,NOBRES,MT
1456005,DIAMANTINO,MT
1456008,ROSÁRIO OESTE,MT
1456009,DIAMANTINO,MT
1456012,ALTO PARAGUAI,MT
1456013,NORTELÂNDIA,MT
1456014,NORTELÂNDIA,MT
1456015,NORTELÂNDIA,MT
1456016,ALTO PARAGUAI,MT
1456017,NORTELÂNDIA,MT
1456018,ARENÁPOLIS,MT
1456020,NORTELÂNDIA,MT
1456021,NOBRES,MT
1457000,TANGARÁ DA SERRA,MT
1457001,BARRA DO BUGRES,MT
1457004,TANGARÁ DA SERRA,MT
1457005,TANGARÁ DA SERRA,MT
1457006,NOVA MARILÂNDIA,MT
1457008,TANGARÁ DA SERRA,MT
1457009,TANGARÁ DA SERRA,MT
1457010,NOVA OLIMPIA,MT
1457011,TANGARÁ DA SERRA,MT
1457012,TANGARÁ DA SERRA,MT
1457013,NOVA MARILÂNDIA,MT
1457014,TANGARÁ DA SERRA,MT
1457015,BARRA DO BUGRES,MT
1458005,TANGARÁ DA SERRA,MT
1458006,TANGARÁ DA SERRA,MT
1458007,BARRA DO BUGRES,MT
1458008,TANGARÁ DA SERRA,MT
1554004,POXORÉO,MT
1554006,JACIARA,MT
1554008,JACIARA,MT
1554012,POXORÉO,MT
1554013,POXORÉO,MT
1554014,POXORÉO,MT
1554015,POXORÉO,MT
1554017,DOM AQUINO ,MT
1555001,CHAPADA DOS GUIMARÃES,MT
1555007,CHAPADA DOS GUIMARÃES,MT
1555008,CHAPADA DOS GUIMARÃES,MT
1555009,SANTO ANTÔNIO DO LEVERGER,MT
1555010,CHAPADA DOS GUIMARÃES,MT
1555011,CHAPADA DOS GUIMARÃES,MT
1555013,CHAPADA DOS GUIMARÃES,MT
1555014,JACIARA,MT
1555015,CHAPADA DOS GUIMARÃES,MT
1555016,CHAPADA DOS GUIMARÃES,MT
1555017,CHAPADA DOS GUIMARÃES,MT
1555018,SANTO ANTÔNIO DO LEVERGER,MT
1555019,JACIARA,MT
1555020,JACIARA,MT
1555022,CHAPADA DOS GUIMARÃES,MT
1555023,CUIABÁ,MT
1555024,SANTO ANTÔNIO DO LEVERGER,MT
1555025,SANTO ANTÔNIO DO LEVERGER,MT
1555026,SANTO ANTÔNIO DO LEVERGER,MT
1555027,CUIABÁ,MT
1555028,JACIARA,MT
1556000,CUIABÁ,MT
1556001,NOSSA SENHORA DO LIVRAMENTO,MT
1556002,CUIABÁ,MT
1556004,CUIABÁ,MT
1556005,ACORIZAL,MT
1556006,VÁRZEA GRANDE,MT
1556007,VÁRZEA GRANDE,MT
1556008,SANTO ANTÔNIO DO LEVERGER,MT
1556013,CHAPADA DOS GUIMARÃES,MT
1556016,CUIABÁ,MT
1556017,CUIABÁ,MT
1556018,CUIABÁ,MT
1556019,SANTO ANTÔNIO DO LEVERGER,MT
1556020,SANTO ANTÔNIO DO LEVERGER,MT
1556021,CUIABÁ,MT
1557001,BARRA DO BUGRES,MT
1557003,PORTO ESTRELA,MT
1557005,SALTO DO CÉU,MT
1557006,LAMBARI D'OESTE,MT
1557007,CÁCERES,MT
1558000,RIO BRANCO,MT
1558001,MIRASSOL D'OESTE,MT
1558004,INDIAVAÍ,MT
1558005,PORTO ESPERIDIÃO,MT
1558009,INDIAVAÍ,MT
1558010,INDIAVAÍ,MT
1558011,JAURU,MT
1558013,JAURU,MT
1558014,JAURU,MT
1558015,ARAPUTANGA,MT
1558016,ARAPUTANGA,MT
1558017,ARAPUTANGA,MT
1558018,RIO BRANCO,MT
1558019,PORTO ESPERIDIÃO,MT
1558020,INDIAVAÍ,MT
1558021,ARAPUTANGA,MT
1654000,RONDONÓPOLIS,MT
1654001,PEDRA PRETA,MT
1654004,PEDRA PRETA,MT
1654005,GUIRATINGA,MT
1654006,RONDONÓPOLIS,MT
1654007,RONDONÓPOLIS,MT
1654008,RONDONÓPOLIS,MT
1654009,RONDONÓPOLIS,MT
1654010,RONDONÓPOLIS,MT
1654011,JUSCIMEIRA,MT
1654012,JUSCIMEIRA,MT
1654013,JUSCIMEIRA,MT
1654014,RONDONÓPOLIS,MT
1654015,RONDONÓPOLIS,MT
26034600,PRIMAVERA DO LESTE,MT
26057000,NOVA XAVANTINA,MT
26070000,RIBEIRÃO CASCALHEIRA,MT
26130000,ARAGUAIANA,MT
26310000,BOM JESUS DO ARAGUAIA,MT
26500000,PORTO ALEGRE DO NORTE,MT
951000,VILA RICA,MT
1050000,LUCIARA,MT
1050003,SANTA TEREZINHA,MT
1051001,PORTO ALEGRE DO NORTE,MT
1051002,PORTO ALEGRE DO NORTE,MT
1051003,CONFRESA,MT
1051004,VILA RICA,MT
1150001,SÃO FÉLIX DO ARAGUAIA,MT
1150005,SÃO FÉLIX DO ARAGUAIA,MT
1150006,LUCIARA,MT
1151000,ALTO BOA VISTA,MT
1250001,NOVO SANTO ANTÔNIO,MT
1251002,RIBEIRÃO CASCALHEIRA,MT
1251003,RIBEIRÃO CASCALHEIRA,MT
1251004,BOM JESUS DO ARAGUAIA,MT
1351000,COCALINHO,MT
1452000,NOVA XAVANTINA,MT
1452001,NOVA XAVANTINA,MT
1452005,NOVA XAVANTINA,MT
1452006,ÁGUA BOA,MT
1453002,NOVO SÃO JOAQUIM,MT
1453009,NOVO SÃO JOAQUIM,MT
1453010,NOVO SÃO JOAQUIM,MT
1552002,BARRA DO GARÇAS,MT
1552009,ARAGUAIANA,MT
1553003,GENERAL CARNEIRO,MT
1553004,PRIMAVERA DO LESTE,MT
1553005,SANTO ANTÔNIO DO LESTE,MT
1554005,PRIMAVERA DO LESTE,MT
1554007,PRIMAVERA DO LESTE,MT
1554009,PRIMAVERA DO LESTE,MT
1554010,POXORÉO,MT
1554011,CAMPO VERDE,MT
1554016,CAMPO VERDE,MT
1555005,CAMPO VERDE,MT
8255000,ALMEIRIM,PA
356002,JURUTI,PA
157000,ORIXIMINÁ,PA
157002,FARO,PA
157003,ORIXIMINÁ,PA
256001,JURUTI,PA
155000,ORIXIMINÁ,PA
156000,ORIXIMINÁ,PA
156002,ORIXIMINÁ,PA
156004,ORIXIMINÁ,PA
954009,ALTAMIRA,PA
854001,ALTAMIRA,PA
854002,ALTAMIRA,PA
854003,ALTAMIRA,PA
855001,ALTAMIRA,PA
954000,ALTAMIRA,PA
851000,SÃO FÉLIX DO XINGU,PA
652002,SÃO FÉLIX DO XINGU,PA
654000,ALTAMIRA,PA
750000,REDENÇÃO,PA
651001,SÃO FÉLIX DO XINGU,PA
651003,SÃO FÉLIX DO XINGU,PA
554000,ALTAMIRA,PA
554002,ALTAMIRA,PA
354005,SANTARÉM,PA
452000,ALTAMIRA,PA
454001,ITAITUBA,PA
353002,MEDICILÂNDIA,PA
354000,SANTARÉM,PA
354004,SANTARÉM,PA
352009,ALTAMIRA,PA
352010,ALTAMIRA,PA
352011,ALTAMIRA,PA
353000,PRAINHA,PA
353001,ALTAMIRA,PA
352003,ALTAMIRA,PA
352005,ALTAMIRA,PA
352006,ALTAMIRA,PA
351002,SENADOR JOSÉ PORFIRIO,PA
351003,ALTAMIRA,PA
351004,VITÓRIA DO XINGU,PA
351005,VITÓRIA DO XINGU,PA
352001,ALTAMIRA,PA
254009,SANTARÉM,PA
254010,SANTARÉM,PA
254011,BELTERRA,PA
254012,SANTARÉM,PA
254013,SANTARÉM,PA
253000,PRAINHA,PA
254002,MONTE ALEGRE,PA
153000,PRAINHA,PA
154000,MONTE ALEGRE,PA
251001,SENADOR JOSÉ PORFIRIO,PA
251002,SENADOR JOSÉ PORFIRIO,PA
252001,PORTO DE MOZ,PA
152001,PORTO DE MOZ,PA
152003,PORTO DE MOZ,PA
152005,ALMEIRIM,PA
152006,ALMEIRIM,PA
53001,ALMEIRIM,PA
648008,SÃO GERALDO DO ARAGUAIA,PA
749002,XINGUARA,PA
447001,DOM ELISEU,PA
447003,DOM ELISEU,PA
246002,CACHOEIRA DO PIRIA,PA
247005,PARAGOMINAS,PA
346001,PARAGOMINAS,PA
347001,PARAGOMINAS,PA
147014,CASTANHAL,PA
147017,TERRA ALTA,PA
147018,SANTA MARIA DO PARÁ,PA
147019,NOVA TIMBOTEUA,PA
148022,BELÉM,PA
147007,CASTANHAL,PA
147010,IGARAPÉ-AÇU,PA
146011,SANTA LUZIA DO PARÁ,PA
146012,VISEU,PA
146013,BRAGANÇA,PA
147002,CAPANEMA,PA
146005,VISEU,PA
146007,VISEU,PA
146008,VISEU,PA
146009,VISEU,PA
146010,AUGUSTO CORRÊA,PA
47004,PRIMAVERA,PA
47005,MARAPANIM,PA
47006,SÃO JOÃO DE PIRABAS,PA
146000,BRAGANÇA,PA
47001,MARACANÃ,PA
47002,SALINÓPOLIS,PA
47003,CURUÇA,PA
954010,NOVO PROGRESSO,PA
957004,JACAREACANGA,PA
957005,JACAREACANGA,PA
855000,ITAITUBA,PA
655003,ITAITUBA,PA
655004,ITAITUBA,PA
657000,JACAREACANGA,PA
655001,ITAITUBA,PA
456002,ITAITUBA,PA
555000,ITAITUBA,PA
555002,ITAITUBA,PA
455001,ITAITUBA,PA
455002,RURÓPOLIS,PA
455003,ITAITUBA,PA
455004,RURÓPOLIS,PA
456001,ITAITUBA,PA
255000,SANTARÉM,PA
255001,SANTARÉM,PA
255002,SANTARÉM,PA
355001,SANTARÉM,PA
155001,ÓBIDOS,PA
155002,ALENQUER,PA
254000,SANTARÉM,PA
254003,SANTARÉM,PA
254004,SANTARÉM,PA
154001,ALENQUER,PA
154002,ALENQUER,PA
154003,ALENQUER,PA
351000,PORTEL,PA
250002,PORTEL,PA
250003,PORTEL,PA
251000,PORTEL,PA
350000,PORTEL,PA
350001,PORTEL,PA
151000,ALENQUER,PA
151001,PORTEL,PA
151002,MELGAÇO,PA
151003,GURUPÁ,PA
250000,PORTEL,PA
250001,BAGRE,PA
149005,SÃO SEBASTIÃO DA BOA VISTA,PA
149006,MUANÁ,PA
150001,BREVES,PA
150003,BREVES,PA
148008,PONTA DE PEDRAS,PA
149000,MUANÁ,PA
149001,CURRALINHO,PA
149003,OEIRAS DO PARÁ,PA
149004,CAMETÁ,PA
50001,AFUÁ,PA
50002,AFUÁ,PA
50003,AFUÁ,PA
51005,GURUPÁ,PA
148006,PONTA DE PEDRAS,PA
49008,SANTA CRUZ DO ARARI,PA
49009,ANAJÁS,PA
49010,CHAVES,PA
49011,SANTA CRUZ DO ARARI,PA
49012,CACHOEIRA DO ARARI,PA
50000,CHAVES,PA
49001,SANTA CRUZ DO ARARI,PA
49003,PONTA DE PEDRAS,PA
49004,CHAVES,PA
49006,CHAVES,PA
49007,CHAVES,PA
48000,SOURE,PA
48002,CACHOEIRA DO ARARI,PA
48003,SOURE,PA
48004,SOURE,PA
48005,CHAVES,PA
950001,SANTANA DO ARAGUAIA,PA
950003,SANTANA DO ARAGUAIA,PA
849006,CONCEIÇÃO DO ARAGUAIA,PA
849007,CONCEIÇÃO DO ARAGUAIA,PA
850000,REDENÇÃO,PA
850001,SANTA MARIA DAS BARREIRAS,PA
750001,RIO MARIA,PA
750002,RIO MARIA,PA
750004,RIO MARIA,PA
849000,CONCEIÇÃO DO ARAGUAIA,PA
650004,CANAÃ DOS CARAJÁS,PA
651005,OURILÂNDIA DO NORTE,PA
649010,PARAUAPEBAS,PA
649011,PARAUAPEBAS,PA
650001,MARABÁ,PA
649004,PARAUAPEBAS,PA
649005,ELDORADO DOS CARAJÁS,PA
649006,CANAÃ DOS CARAJÁS,PA
649007,ELDORADO DOS CARAJÁS,PA
649008,PARAUAPEBAS,PA
649009,PARAUAPEBAS,PA
550002,MARABÁ,PA
649000,MARABÁ,PA
649001,SAPUCAIA,PA
649002,MARABÁ,PA
549017,MARABÁ,PA
549018,MARABÁ,PA
549019,MARABÁ,PA
549020,MARABÁ,PA
549021,PARAUAPEBAS,PA
549022,MARABÁ,PA
549011,MARABÁ,PA
549014,MARABÁ,PA
549015,MARABÁ,PA
549016,MARABÁ,PA
549004,MARABÁ,PA
549007,MARABÁ,PA
549008,ITUPIRANGA,PA
548002,BOM JESUS DO TOCANTINS,PA
548005,SÃO JOÃO DO ARAGUAIA,PA
548008,SÃO JOÃO DO ARAGUAIA,PA
549001,MARABÁ,PA
549002,MARABÁ,PA
349009,BREU BRANCO,PA
449001,JACUNDÁ,PA
449002,JACUNDÁ,PA
449003,JACUNDÁ,PA
449005,NOVA IPIXUNA,PA
349003,BAIÃO,PA
349004,TUCURUÍ,PA
349005,TUCURUÍ,PA
349007,TUCURUÍ,PA
349008,BAIÃO,PA
249004,MOCAJUBA,PA
249005,BAIÃO,PA
249108,CAMETÁ,PA
249109,MOCAJUBA,PA
249110,CAMETÁ,PA
349000,TUCURUÍ,PA
249001,CAMETÁ,PA
249003,BAIÃO,PA
448000,SÃO DOMINGOS DO CAPIM,PA
449004,JACUNDÁ,PA
348001,SÃO DOMINGOS DO CAPIM,PA
348002,TAILÂNDIA,PA
349002,TUCURUÍ,PA
248006,TOMÉ-AÇU,PA
249002,MOJU,PA
347000,PARAGOMINAS,PA
347002,PARAGOMINAS,PA
347003,PARAGOMINAS,PA
248001,ACARÁ,PA
248003,TOMÉ-AÇU,PA
248004,ACARÁ,PA
248005,TOMÉ-AÇU,PA
247003,AURORA DO PARÁ,PA
247004,IPIXUNA DO PARÁ,PA
247006,IPIXUNA DO PARÁ,PA
247007,PARAGOMINAS,PA
247008,SÃO DOMINGOS DO CAPIM,PA
148017,BUJARU,PA
148018,IGARAPÉ-MIRI,PA
247000,SÃO DOMINGOS DO CAPIM,PA
148009,ACARÁ,PA
148010,ABAETETUBA,PA
148011,BARCARENA,PA
148012,BELÉM,PA
148013,BELÉM,PA
147022,IRITUIA,PA
148001,BELÉM,PA
148002,BELÉM,PA
148003,SANTA ISABEL DO PARÁ,PA
148004,BELÉM,PA
147009,CAPITÃO POÇO,PA
147011,IRITUIA,PA
147013,CAPITÃO POÇO,PA
147015,CAPITÃO POÇO,PA
147016,OURÉM,PA
147021,IRITUIA,PA
47007,MAGALHÃES BARATA,PA
48006,VIGIA,PA
147008,SÃO DOMINGOS DO CAPIM,PA
148014,BELÉM,PA
1360002,PIMENTEIRAS DO OESTE,RO
1360004,CABIXI,RO
1360008,COLORADO DO OESTE,RO
1264000,COSTA MARQUES,RO
1264003,COSTA MARQUES,RO
1264004,COSTA MARQUES,RO
1360000,COLORADO DO OESTE,RO
1360001,CEREJEIRAS,RO
1261005,PRIMAVERA DE RONDÔNIA,RO
1261006,CHUPINGUAIA,RO
1261007,PIMENTEIRAS DO OESTE,RO
1262000,COSTA MARQUES,RO
1262001,ALTA FLORESTA D'OESTE,RO
1260023,VILHENA,RO
1261001,PARECIS,RO
1261002,ALTO ALEGRE DOS PARECIS,RO
1261003,PARECIS,RO
1261004,ALTO ALEGRE DOS PARECIS,RO
1260017,VILHENA,RO
1260018,VILHENA,RO
1260019,VILHENA,RO
1260020,VILHENA,RO
1260021,VILHENA,RO
1260022,VILHENA,RO
1260011,CHUPINGUAIA,RO
1260012,CHUPINGUAIA,RO
1260013,CHUPINGUAIA,RO
1260014,VILHENA,RO
1260015,PIMENTA BUENO,RO
1260016,PIMENTA BUENO,RO
1260007,VILHENA,RO
1260008,VILHENA,RO
1260009,VILHENA,RO
1260010,CHUPINGUAIA,RO
1260006,CHUPINGUAIA,RO
1259002,VILHENA,RO
1260000,VILHENA,RO
1260001,VILHENA,RO
1162011,ALTA FLORESTA D'OESTE,RO
1162012,ALTA FLORESTA D'OESTE,RO
1162013,ALTA FLORESTA D'OESTE,RO
1162014,JIPARANÁ,RO
1163000,SÃO FRANCISCO DO GUAPORÉ,RO
1162005,ALTA FLORESTA D'OESTE,RO
1162006,ALTA FLORESTA D'OESTE,RO
1162007,ALTA FLORESTA D'OESTE,RO
1162008,ALTA FLORESTA D'OESTE,RO
1162009,ALTA FLORESTA D'OESTE,RO
1162010,ALTA FLORESTA D'OESTE,RO
1161009,ALTA FLORESTA D'OESTE,RO
1162003,SÃO MIGUEL DO GUAPORÉ,RO
1162004,ALTA FLORESTA D'OESTE,RO
1161002,ROLIM DE MOURA,RO
1161003,MINISTRO ANDREAZZA,RO
1161006,PRIMAVERA DE RONDÔNIA,RO
1161007,PRIMAVERA DE RONDÔNIA,RO
1160002,PIMENTA BUENO,RO
1160004,PIMENTA BUENO,RO
1161000,CACOAL,RO
1161001,PIMENTA BUENO,RO
1065008,NOVA MAMORÉ,RO
1065009,GUAJARÁ-MIRIM,RO
1065010,NOVA MAMORÉ,RO
1160000,PIMENTA BUENO,RO
1063008,MONTE NEGRO,RO
1063009,ARIQUEMES,RO
1065002,GUAJARÁ-MIRIM,RO
1063002,BURITIS,RO
1063004,ARIQUEMES,RO
1063005,MONTE NEGRO,RO
1063006,MONTE NEGRO,RO
1063007,MONTE NEGRO,RO
1062008,ARIQUEMES,RO
1062009,ARIQUEMES,RO
1063000,ARIQUEMES,RO
1063001,ARIQUEMES,RO
1062000,OURO PRETO DO OESTE,RO
1062001,JARU,RO
1062002,JARU,RO
1062003,MIRANTE DA SERRA,RO
1062004,THEOBROMA,RO
966002,PORTO VELHO,RO
1061003,OURO PRETO DO OESTE,RO
965008,PORTO VELHO,RO
966000,PORTO VELHO,RO
966001,PORTO VELHO,RO
964009,PORTO VELHO,RO
964010,PORTO VELHO,RO
965001,PORTO VELHO,RO
964006,PORTO VELHO,RO
964007,PORTO VELHO,RO
964008,PORTO VELHO,RO
963011,ARIQUEMES,RO
963013,ALTO PARAÍSO,RO
963014,ALTO PARAÍSO,RO
963001,PORTO VELHO,RO
963004,ARIQUEMES,RO
962006,ARIQUEMES,RO
962007,RIO CRESPO,RO
963000,ARIQUEMES,RO
961003,MACHADINHO D'OESTE,RO
961005,MACHADINHO D'OESTE,RO
962000,MACHADINHO D'OESTE,RO
863015,PORTO VELHO,RO
863017,CANDÉIAS DO JAMARI,RO
863008,PORTO VELHO,RO
863009,PORTO VELHO,RO
863010,PORTO VELHO,RO
863012,PORTO VELHO,RO
863013,PORTO VELHO,RO
863014,PORTO VELHO,RO
863002,PORTO VELHO,RO
863006,CANDÉIAS DO JAMARI,RO
862000,MACHADINHO D'OESTE,RO
60000,RORAINÓPOLIS,RR
60001,SÃO LUIZ,RR
61000,RORAINÓPOLIS,RR
61001,CARACARAÍ,RR
260010,BOA VISTA,RR
8464001,BOA VISTA,RR
8460001,PACARAIMA,RR
8460004,UIRAMUTÃ,RR
8461000,PACARAIMA,RR
8361007,ALTO ALEGRE,RR
8362000,ALTO ALEGRE,RR
8363000,ALTO ALEGRE,RR
8459000,UIRAMUTÃ,RR
8360008,BONFIM,RR
8360009,BOA VISTA,RR
8361000,AMAJARI,RR
8361001,ALTO ALEGRE,RR
8361004,ALTO ALEGRE,RR
8361005,AMAJARI,RR
8360002,BOA VISTA,RR
8360003,BOA VISTA,RR
8360006,BONFIM,RR
8360007,AMAJARI,RR
8262000,ALTO ALEGRE,RR
8359000,BONFIM,RR
8359002,NORMÂNDIA,RR
8360000,PACARAIMA,RR
8260006,BONFIM,RR
8261000,MUCAJAÍ,RR
8261001,MUCAJAÍ,RR
8261003,CARACARAÍ,RR
8260000,BOA VISTA,RR
8260001,BOA VISTA,RR
8260002,CANTA,RR
8260003,BONFIM,RR
8260004,MUCAJAÍ,RR
8160003,CARACARAÍ,RR
8161000,CARACARAÍ,RR
8161001,CARACARAÍ,RR
8162000,CARACARAÍ,RR
8059002,SÃO JOÃO DA BALIZA,RR
8060000,RORAINÓPOLIS,RR
8160001,RORAINÓPOLIS,RR
8059001,CAROEBE,RR
8059003,CAROEBE,RR
8059004,CAROEBE,RR
8059005,CAROEBE,RR
8159000,CAROEBE,RR
1146025,NOVO JARDIM,TO
848005,PEDRO AFONSO,TO
946003,LIZARDA,TO
947001,RIO SONO,TO
1249000,ALVORADA,TO
1248007,PEIXE,TO
1248010,PEIXE,TO
1248011,PEIXE,TO
1248013,PEIXE,TO
1148006,BREJINHO DE NAZARÉ,TO
1148007,PEIXE,TO
1248001,PEIXE,TO
1248002,FILADÉLFIA,TO
1148000,SÃO VALÉRIO DA NATIVIDADE,TO
1148001,IPUEIRAS,TO
1148003,IPUEIRAS,TO
1147005,CHAPADA DA NATIVIDADE,TO
1147008,PINDORAMA DO TOCANTINS,TO
1147009,NATIVIDADE,TO
1147010,ALMAS,TO
1147011,PORTO ALEGRE DO TOCANTINS,TO
1146024,DIANÓPOLIS,TO
1147000,ALMAS,TO
1147001,NATIVIDADE,TO
1147002,PINDORAMA DO TOCANTINS,TO
1147003,PORTO ALEGRE DO TOCANTINS,TO
1048010,PALMAS,TO
1048011,PALMAS,TO
1146000,DIANÓPOLIS,TO
1146004,DIANÓPOLIS,TO
1146023,DIANÓPOLIS,TO
1048004,PORTO NACIONAL,TO
1048005,PALMAS,TO
1048007,PORTO NACIONAL,TO
1048008,PORTO NACIONAL,TO
1048009,PALMAS,TO
1047008,PINDORAMA DO TOCANTINS,TO
1047009,PONTE ALTA DO TOCANTINS,TO
1047010,APARECIDA DO RIO NEGRO,TO
1048000,FÁTIMA,TO
1048003,PORTO NACIONAL,TO
1047002,MONTE DO CARMO,TO
1047004,PONTE ALTA DO TOCANTINS,TO
1047005,MONTE DO CARMO,TO
1047006,MONTE DO CARMO,TO
1046001,MATEIROS,TO
1046005,MATEIROS,TO
1046006,MATEIROS,TO
1047000,NOVO ACORDO,TO
1047001,NOVO ACORDO,TO
948003,MIRACEMA DO TOCANTINS,TO
948004,MIRACEMA DO TOCANTINS,TO
948005,TOCANTÍNIA,TO
948006,LAJEADO,TO
948007,LAJEADO,TO
948008,MIRANORTE,TO
947003,PEDRO AFONSO,TO
947004,NOVO ACORDO,TO
947005,RIO SONO,TO
947006,APARECIDA DO RIO NEGRO,TO
948000,MIRACEMA DO TOCANTINS,TO
948001,PEDRO AFONSO,TO
1249004,SANDOLÂNDIA,TO
1249005,SANDOLÂNDIA,TO
1249008,SANDOLÂNDIA,TO
1249001,ARAGUAÇU,TO
1249002,FORMOSO DO ARAGUAIA,TO
1249003,SANDOLÂNDIA,TO
1149009,FORMOSO DO ARAGUAIA,TO
1149010,DUERÉ,TO
1149013,ALIANÇA DO TOCANTINS,TO
1149000,DUERÉ,TO
1149001,FORMOSO DO ARAGUAIA,TO
1149002,GURUPI,TO
1149005,DUERÉ,TO
1049016,LAGOA DA CONFUSÃO,TO
1049017,LAGOA DA CONFUSÃO,TO
1049018,LAGOA DA CONFUSÃO,TO
1049019,LAGOA DA CONFUSÃO,TO
1049020,PIUM,TO
1050002,FORTALEZA DO TABOCÃO,TO
1049011,LAGOA DA CONFUSÃO,TO
1049012,PINDORAMA DO TOCANTINS,TO
1049013,PIUM,TO
1049014,LAGOA DA CONFUSÃO,TO
1049015,LAGOA DA CONFUSÃO,TO
1049008,LAGOA DA CONFUSÃO,TO
950002,PIUM,TO
1049001,PIUM,TO
1049002,LAGOA DA CONFUSÃO,TO
1049003,LAGOA DA CONFUSÃO,TO
548000,ARAGUATINS,TO
548006,ESPERANTINA,TO
548009,ARAGUATINS,TO
647001,WANDERLÂNDIA,TO
648000,XAMBIOÁ,TO
748009,MURICILÂNDIA,TO
748003,MURICILÂNDIA,TO
748004,ARAGOMINAS,TO
748005,ARAGUAÍNA,TO
748006,ARAGUAÍNA,TO
748007,SANTA FÉ DO ARAGUAIA,TO
648007,WANDERLÂNDIA,TO
648009,ARAGUANÃ,TO
648010,XAMBIOÁ,TO
648012,SÃO BENTO DO TOCANTINS,TO
649003,SANTA FÉ DO ARAGUAIA,TO
648001,ANANÁS,TO
648002,ARAGUANÃ,TO
648005,PIRAQUÊ,TO
1348010,PALMEIRÓPOLIS,TO
1348011,PARANÃ,TO
1348012,PALMEIRÓPOLIS,TO
1248009,SÃO SALVADOR DO TOCANTINS,TO
1248012,PARANÃ,TO
1249006,PONTE ALTA DO BOM JESUS,TO
1247008,PARANÃ,TO
1247012,PARANÃ,TO
1248003,PALMEIRÓPOLIS,TO
1247002,CONCEIÇÃO DO TOCANTINS,TO
1247003,FÁTIMA,TO
1247005,FÁTIMA,TO
1247006,CONCEIÇÃO DO TOCANTINS,TO
1247007,PARANÃ,TO
1246012,TAGUATINGA,TO
1246013,DIANÓPOLIS,TO
1246014,TAGUATINGA,TO
1246016,TAIPAS DO TOCANTINS,TO
1247000,CONCEIÇÃO DO TOCANTINS,TO
1246000,PONTE ALTA DO BOM JESUS,TO
1246001,AURORA DO TOCANTINS,TO
1246003,TAGUATINGA,TO
1146022,DIANÓPOLIS,TO
1146026,NOVO JARDIM,TO
1146027,PONTE ALTA DO TOCANTINS,TO
1146028,PONTE ALTA DO BOM JESUS,TO
1146029,PONTE ALTA DO TOCANTINS,TO
1146012,DIANÓPOLIS,TO
1146014,DIANÓPOLIS,TO
1146015,DIANÓPOLIS,TO
1146016,DIANÓPOLIS,TO
1146017,DIANÓPOLIS,TO
1146020,PONTE ALTA DO BOM JESUS,TO
1146002,DIANÓPOLIS,TO
1146003,DIANÓPOLIS,TO
1146011,DIANÓPOLIS,TO
547006,MAURILÂNDIA DO TOCANTINS,TO
547007,PRAIA NORTE,TO
547008,SÃO MIGUEL DO TOCANTINS,TO
548001,SÃO SEBASTIÃO DO TOCANTINS,TO
848007,TUPIRATINS,TO
847006,ITACAJÁ,TO
848000,COLINAS DO TOCANTINS,TO
848001,GUARAÍ,TO
848003,TUPIRATINS,TO
848004,PEDRO AFONSO,TO
848006,BOM JESUS DO TOCANTINS,TO
847001,ITACAJÁ,TO
847002,CAMPOS LINDOS,TO
847003,RECURSOLÂNDIA,TO
847004,CENTENÁRIO,TO
847005,ITACAJÁ,TO
647010,TOCANTINÓPOLIS,TO
747001,GOIATINS ,TO
747009,PALMEIRANTE,TO
747010,GOIATINS ,TO
748002,NOVA OLINDA,TO
548003,ESPERANTINA,TO
548007,SÃO SEBASTIÃO DO TOCANTINS,TO
548010,SÃO SEBASTIÃO DO TOCANTINS,TO
647000,TOCANTINÓPOLIS,TO
748001,BERNARDO SAYÃO,TO
749000,ARAPOEMA,TO
749001,ARAGUAÍNA,TO
750003,PAU D'ARCO,TO
848002,ITAPORÃ DO TOCANTINS,TO
1149012,COUTO DE MAGALHÃES,TO
949006,DOIS IRMÃOS DO TOCANTINS,TO
950000,CASEARA,TO
1048001,PARAÍSO DO TOCANTINS,TO
949000,ABREULÂNDIA,TO
949001,DOIS IRMÃOS DO TOCANTINS,TO
949003,MARIANÓPOLIS DO TOCANTINS,TO
949004,CASEARA,TO
949005,CASEARA,TO
848008,GOIANORTE,TO
849002,ARAGUACEMA,TO
1149011,FORMOSO DO ARAGUAIA,TO
1046007,SÃO FÉLIX DO TOCANTINS,TO
1146019,RIO DA CONCEIÇÃO,TO
1146021,RIO DA CONCEIÇÃO,TO
